0.0280597  0.02961016 0.00902651 0.00646915 0.00565828 0.00577411 0.00564937 0.00589886 0.00779684 0.00970372 0.01353531 0.02233014 0.03020717 0.02581421 0.01396302 0.01062152 0.00619292 0.0055959 0.00392961 0.004589   0.00429494 0.00544442 0.0078503  0.02487859 0.02216975 0.68493651,face1
0.02573488 0.02709925 0.00911777 0.00677481 0.00657721 0.00631375 0.00641725 0.00719824 0.00841206 0.01149836 0.01696526 0.02581956 0.03164402 0.0275415  0.01458467 0.01174301 0.00663367 0.00671836 0.00416839 0.00528812 0.00433776 0.00570213 0.00917423 0.02402236 0.02117129 0.66934209,face1
0.03137327 0.03233892 0.0083621  0.00528024 0.00364686 0.00325649 0.00340031 0.00401668 0.0052597  0.00720127 0.0095332  0.01736111 0.02308309 0.0228879  0.01195759 0.00976948 0.00560897 0.00558843 0.00391395 0.00409887 0.0042735  0.00587607 0.00745809 0.02508629 0.02685322 0.71251438,face1
0.0275977  0.02924123 0.00979273 0.0068823  0.00539856 0.00462244 0.00514746 0.0061975  0.0071334  0.00991828 0.01379885 0.0236943 0.03206035 0.02696996 0.01369613 0.01056885 0.00630022 0.00600347 0.00352675 0.004417   0.00362947 0.00480506 0.00712199 0.02363724 0.02166271 0.68617604,face1
0.02977947 0.03106553 0.00906561 0.00571344 0.00531287 0.00426927 0.0041744  0.00468038 0.00589265 0.00758981 0.01081548 0.02126202 0.0259424  0.02485664 0.01174313 0.00868612 0.00510204 0.00512312 0.00275131 0.00357354 0.00363679 0.00530233 0.00808526 0.02783985 0.02350734 0.70422921,face1
0.02663667 0.02545725 0.0111228  0.00940811 0.00866417 0.00816519 0.00874583 0.00929017 0.01135869 0.0153052  0.02111155 0.0346567 0.04285818 0.03706089 0.02178291 0.01617615 0.00955327 0.00782951 0.00547068 0.00562491 0.00502613 0.00792931 0.01047866 0.02161961 0.01993214 0.5987353 ,face1
0.02841856 0.02997779 0.00967577 0.00574565 0.00472041 0.00496604 0.00463497 0.00507284 0.00645051 0.00904567 0.01271947 0.02069717 0.02725447 0.02735059 0.01265539 0.00982528 0.00564954 0.00519031 0.00400487 0.00454953 0.00437866 0.00472041 0.0085544  0.02478747 0.02232048 0.69663377,face1
0.02984975 0.03010283 0.01020299 0.00836486 0.00622036 0.00475518 0.0049017  0.00562097 0.00697959 0.00987    0.01338644 0.02429538 0.03188769 0.03022271 0.01312004 0.01046939 0.00588737 0.00554105 0.00422239 0.00468858 0.00472854 0.00667324 0.00951036 0.02312324 0.02147158 0.67390378,face1
0.03047091 0.03016419 0.00823357 0.00530054 0.00486921 0.00476378 0.00400656 0.00492672 0.00558809 0.00807062 0.01162668 0.01885382 0.02321502 0.02283162 0.01146373 0.00953714 0.00493631 0.00544432 0.00307681 0.00335477 0.00323017 0.00489797 0.00739008 0.02621515 0.02425021 0.71328202,face1
0.02883565 0.02922353 0.00939073 0.00672662 0.00603252 0.005859 0.00525676 0.00559361 0.00671641 0.00860476 0.01273872 0.01971032 0.02558973 0.02839674 0.01247333 0.00989088 0.0053078  0.00547112 0.00384816 0.00423603 0.00433811 0.0062775  0.00790046 0.02487522 0.02301749 0.69368882,face1
0.02426046 0.02400489 0.01038691 0.00858882 0.00806856 0.00869835 0.00852493 0.00955632 0.01134528 0.01661175 0.02345725 0.03786019 0.04914157 0.04171192 0.02135796 0.01539781 0.00990316 0.0086162 0.00592364 0.00607881 0.00495614 0.00648954 0.00924599 0.02113891 0.01870191 0.58997271,face1
0.02263437 0.02034852 0.01085553 0.01155473 0.01172505 0.01172505 0.01181469 0.01380473 0.01629675 0.02284951 0.03190326 0.04921295 0.06464018 0.05145398 0.02883753 0.02165728 0.01347305 0.01054179 0.00738642 0.00717129 0.00587149 0.00811252 0.01092725 0.01965829 0.01796407 0.49757969,face1
0.02411037 0.02491165 0.0111974  0.00885519 0.00853674 0.00806418 0.00785873 0.00822855 0.01081731 0.01438199 0.02058679 0.03428049 0.04482043 0.03553378 0.02000123 0.01561473 0.00918393 0.00777655 0.0057117  0.00576307 0.00467415 0.00539324 0.00829019 0.02130588 0.02058679 0.61351496,face1
0.02963701 0.02981913 0.00938378 0.00596191 0.00485963 0.00467751 0.00445705 0.00541556 0.0062878  0.0084732  0.0127673  0.02219901 0.0279117  0.0243173  0.01242224 0.01023685 0.00607693 0.00620154 0.00350813 0.0040449  0.003211   0.00508008 0.00860739 0.02543876 0.02425979 0.69474451,face1
0.03024022 0.03110828 0.00910573 0.00659014 0.00466801 0.00457058 0.00490717 0.00523491 0.00666986 0.00840597 0.01130244 0.01930981 0.02425241 0.02222399 0.01257795 0.01071783 0.00587266 0.00583723 0.00386196 0.00450857 0.00361395 0.00515519 0.00856541 0.02572279 0.0239601  0.70101687,face1
0.02873961 0.02965937 0.0099117  0.00845092 0.00675208 0.00590807 0.00480436 0.00585396 0.00732557 0.00972775 0.01442391 0.02326437 0.02796053 0.02314534 0.01353662 0.01043109 0.00588643 0.00459877 0.00325701 0.00386297 0.00294321 0.00383051 0.00706588 0.02754934 0.02718144 0.68392919,face10
0.03090032 0.03179317 0.00912258 0.00660902 0.0049689  0.00435749 0.00433808 0.00494949 0.00584233 0.00767656 0.01145175 0.01794431 0.02405838 0.02476684 0.01070448 0.00827826 0.00439631 0.00403723 0.0023874  0.00296969 0.0021933  0.00348405 0.00615289 0.02768801 0.02879436 0.7101348 ,face10
0.02986857 0.03013589 0.01003342 0.007182   0.00606817 0.00507908 0.00460682 0.00519492 0.00675429 0.00856315 0.01306304 0.02115393 0.02795277 0.02323903 0.01203832 0.00909779 0.0044286  0.00427712 0.00245935 0.00324348 0.0028425  0.00414346 0.00761862 0.02802406 0.02820227 0.69472934,face10
0.03116985 0.03120636 0.00900868 0.00681812 0.00499265 0.0045728 0.00389737 0.00404341 0.00566808 0.00727449 0.01033214 0.01804474 0.02091073 0.01986108 0.01012222 0.00806856 0.00366006 0.00345926 0.00246438 0.00289337 0.00225445 0.00357792 0.00641652 0.02884238 0.02918922 0.72125118,face10
0.02775288 0.02869523 0.00892453 0.006504   0.00570024 0.00529374 0.00523831 0.0057372  0.00769579 0.01023642 0.01498508 0.02184939 0.02645947 0.02631166 0.01308192 0.01048586 0.00532146 0.00448074 0.0031319  0.00347373 0.00309495 0.00393566 0.00691051 0.02653338 0.02719857 0.69096738,face10
0.03058653 0.03169721 0.0081379  0.00595925 0.00466701 0.00388739 0.00437866 0.00463497 0.00579905 0.00749712 0.01120296 0.01776026 0.02360203 0.02063309 0.00968645 0.00806314 0.00370584 0.0036738 0.00275535 0.00324661 0.00269127 0.00321458 0.00595925 0.02793797 0.0284506  0.72017173,face10
0.03075585 0.03183155 0.00830973 0.00566532 0.00405178 0.00354979 0.00332568 0.00363046 0.00494819 0.00745814 0.0110886  0.01892323 0.02308258 0.01842124 0.00970813 0.00808563 0.00424002 0.00402488 0.00224103 0.00319122 0.00224103 0.00328086 0.00614041 0.02855068 0.03366022 0.71959375,face10
0.03121349 0.03038637 0.00848833 0.00638951 0.00502476 0.00501442 0.00517985 0.00608968 0.00707189 0.0100702  0.01434022 0.02197041 0.02770856 0.02377974 0.01227241 0.01004952 0.00531425 0.00451815 0.00295696 0.00367035 0.00220221 0.00350493 0.00629646 0.02741907 0.02784297 0.69122528,face10
0.02952975 0.02942768 0.00987047 0.00699201 0.00611418 0.00581817 0.00522614 0.00570589 0.00735947 0.01043187 0.01515786 0.02427298 0.031561   0.03037696 0.01360634 0.01026855 0.00556298 0.00468516 0.00298053 0.0036236  0.0027866  0.00410334 0.00761465 0.02605926 0.02509978 0.67576478,face10
0.0306894  0.03116199 0.00872844 0.00618225 0.00495737 0.00480306 0.00445585 0.00597006 0.00620154 0.00923961 0.01337718 0.02214421 0.02894371 0.02519193 0.01231627 0.00895027 0.00465839 0.00425331 0.00270051 0.00325991 0.00256549 0.00382894 0.00670306 0.02681224 0.02710158 0.69480344,face10
0.02748607 0.03084898 0.01068363 0.00864403 0.00675011 0.00563319 0.0054268  0.00620379 0.00806129 0.00999162 0.01625612 0.02459663 0.03087327 0.02457235 0.01392514 0.00994306 0.00566961 0.00501402 0.00315653 0.00365429 0.00365429 0.00423703 0.00655586 0.02618704 0.02605349 0.67592177,face10
0.03172443 0.03242176 0.00890569 0.00591472 0.0042092  0.00399076 0.00411678 0.00462928 0.0057719  0.00725898 0.01155219 0.01773577 0.02453266 0.02602815 0.01047679 0.00754463 0.00459567 0.00390674 0.00241966 0.00287335 0.00231044 0.00326822 0.00656165 0.02794371 0.02966604 0.70964083,face10
0.02824119 0.02750362 0.01079182 0.00828796 0.00665754 0.00622082 0.0065605  0.00829767 0.01089857 0.01462525 0.02121486 0.03197756 0.04058579 0.03853806 0.01840044 0.01232519 0.00713308 0.00583263 0.0041828  0.004571   0.00388195 0.00492037 0.00791918 0.02494153 0.02404868 0.62144195,face10
0.02980367 0.03208432 0.0099572  0.00759892 0.00624994 0.00464864 0.00367815 0.00442542 0.0057744  0.00815209 0.01212139 0.02081696 0.02600906 0.02453392 0.01167496 0.00852088 0.00460982 0.00429926 0.00256209 0.00385284 0.00294058 0.00454188 0.0075601  0.02798886 0.02671752 0.69887715,face10
0.02626169 0.02605609 0.0115889  0.00889456 0.0082345  0.00705506 0.00692521 0.00839681 0.01056094 0.01334185 0.01935812 0.03103359 0.03792633 0.03107687 0.01614439 0.01093966 0.00627597 0.00524801 0.00343014 0.00392789 0.00398199 0.00581068 0.00839681 0.02499567 0.02389197 0.64024628,face10
0.03103333 0.03097778 0.00854444 0.00594444 0.00512222 0.00461111 0.00486667 0.00576667 0.00753333 0.00947778 0.01318889 0.01935556 0.02222222 0.01968889 0.01061111 0.00931111 0.00415556 0.00394444 0.0028     0.00343333 0.00231111 0.00337778 0.00591111 0.02732222 0.0296     0.70888889,face10
0.03006464 0.03138196 0.00940597 0.00650046 0.00477685 0.00392736 0.0042844  0.00492459 0.00608187 0.00882733 0.01263158 0.02001847 0.02392121 0.02092952 0.01152355 0.01050169 0.0049369  0.00435826 0.00296707 0.00313943 0.00241305 0.00357033 0.00678363 0.02706063 0.02856263 0.70650662,face10
0.0277027  0.02711829 0.01078725 0.00810058 0.00734572 0.00724832 0.00685871 0.00715092 0.01011355 0.01390411 0.02047873 0.03329518 0.04391198 0.03448024 0.01852258 0.013271   0.0071915  0.00606326 0.00428568 0.00477269 0.00422886 0.00580352 0.00940739 0.02461019 0.02324656 0.62010049,face10
0.02652245 0.02789487 0.01095753 0.00832162 0.00764631 0.00701456 0.00632836 0.00868107 0.01104467 0.01467176 0.02127242 0.03206657 0.03751266 0.03114074 0.01743838 0.01247154 0.00669869 0.00575107 0.00446579 0.00528271 0.00398654 0.0057075  0.00852858 0.02326569 0.02398458 0.63134333,face10
0.02544618 0.02414573 0.01184965 0.01003484 0.0091614  0.00773479 0.00720102 0.00824914 0.01072389 0.01606157 0.02316554 0.03897478 0.05155229 0.04303141 0.02038024 0.01341214 0.00787065 0.00666725 0.00449336 0.00508535 0.00479421 0.00684194 0.00988927 0.02143807 0.02274823 0.58904708,face10
0.03096065 0.02880257 0.00890963 0.00759549 0.00625723 0.00582321 0.00613667 0.00716146 0.00862027 0.01300878 0.01789159 0.03209394 0.03911073 0.0334322  0.01546827 0.01252652 0.00602816 0.00602816 0.0038098  0.00501543 0.00377363 0.00570264 0.00892168 0.02395592 0.02256944 0.64039593,face11
0.03457682 0.03265195 0.00722712 0.00415678 0.00363718 0.00338919 0.00346004 0.00441658 0.00573919 0.00768767 0.01211606 0.02053589 0.02488161 0.02391327 0.0104628  0.00838441 0.00412135 0.00413316 0.00253894 0.0032711  0.00273969 0.00401507 0.00687285 0.02744417 0.02654669 0.71108041,face11
0.033942   0.03412238 0.00764995 0.00507167 0.00342709 0.00329977 0.00367113 0.00473215 0.00519899 0.00705578 0.01054653 0.01720973 0.02232384 0.02109306 0.00902927 0.00753324 0.00405309 0.00411675 0.0025995  0.00353319 0.00308757 0.00451994 0.00761812 0.02658914 0.02652548 0.72145063,face11
0.02896727 0.02788665 0.00964501 0.00691924 0.00658054 0.00633861 0.00690311 0.00861276 0.01035467 0.01204819 0.01966097 0.03320914 0.03756391 0.04099934 0.01722553 0.01270947 0.0061128  0.00596765 0.003758   0.00483863 0.00419348 0.00551604 0.00841922 0.02267705 0.01985452 0.63303818,face11
0.02924872 0.02704939 0.01004433 0.00625786 0.00516954 0.00480677 0.00586108 0.00731218 0.00946615 0.01283316 0.01918172 0.03258171 0.03845413 0.04163974 0.01673299 0.0120736  0.00647326 0.0058044 0.00464805 0.00445533 0.00410389 0.0051582  0.00935279 0.02287748 0.02216327 0.63625027,face11
0.03736333 0.03491238 0.0071486  0.00468403 0.00318623 0.00296837 0.00276412 0.00373089 0.00458872 0.0061546  0.00974932 0.01678899 0.02174535 0.02226277 0.00904127 0.00688988 0.00339048 0.00424831 0.00261434 0.00344494 0.00354026 0.00501083 0.00807451 0.02787271 0.02551708 0.7223077 ,face11
0.02785123 0.02526529 0.01033209 0.00799077 0.00733847 0.00755979 0.00825869 0.01046023 0.01298792 0.01805496 0.02636024 0.04517234 0.05888246 0.04624399 0.02373936 0.01601649 0.00864308 0.00797913 0.00527671 0.00582418 0.00497385 0.00689583 0.01124067 0.02101364 0.02022155 0.55541707,face11
0.02924745 0.02494898 0.00985969 0.00748724 0.006875   0.00705357 0.00769133 0.0090051  0.01292092 0.0188648  0.02785714 0.04598214 0.05843112 0.04795918 0.02385204 0.01617347 0.00905612 0.00790816 0.00625    0.00640306 0.00540816 0.00673469 0.01093112 0.01928571 0.01922194 0.55459184,face11
0.03224807 0.03249603 0.00783575 0.00600079 0.00435182 0.00407905 0.00476096 0.00526929 0.0066951  0.00913757 0.01382414 0.02237899 0.02814422 0.02668121 0.01169163 0.00866644 0.00555445 0.00510811 0.00376909 0.00422783 0.00355832 0.00483535 0.00830688 0.02549097 0.02322208 0.69166584,face11
0.03009163 0.02933963 0.00836457 0.0062821  0.0053797  0.00548383 0.005345   0.00738118 0.00795965 0.01168495 0.01819844 0.0284835 0.03675552 0.03134111 0.01646305 0.01198575 0.00692998 0.00569207 0.00437318 0.00475496 0.00413022 0.0054954  0.00927854 0.02321949 0.02232866 0.6532579 ,face11
0.02991106 0.02741722 0.01119224 0.00868337 0.0066252  0.00704585 0.00730124 0.00892374 0.01029085 0.014933   0.02130281 0.03437293 0.04374737 0.03704705 0.01817799 0.01362598 0.00773691 0.0068806 0.00620456 0.00570879 0.0048675  0.00674539 0.01083168 0.02109248 0.02067183 0.60866234,face11
0.02941727 0.02997915 0.00861542 0.00611819 0.00546892 0.00518174 0.00558129 0.00661764 0.00780382 0.01090037 0.0153704  0.02313676 0.02905518 0.02557155 0.01198666 0.00973917 0.00543146 0.00450749 0.0031465  0.00425776 0.00334628 0.00535654 0.0080036  0.0258837 0.02316173 0.68636142,face11
0.0295858  0.02725114 0.00988877 0.00750044 0.00515236 0.00593058 0.00597083 0.00784929 0.01069382 0.01414215 0.02124005 0.03520777 0.04386212 0.04413047 0.02001905 0.01361886 0.00791638 0.0067088 0.00495109 0.00543413 0.00452173 0.00575615 0.00916422 0.02144132 0.02161575 0.61044694,face11
0.02641111 0.02246667 0.01081111 0.01003333 0.00871111 0.00971111 0.00947778 0.01212222 0.01477778 0.02145556 0.03228889 0.05236667 0.06337778 0.05152222 0.02772222 0.01847778 0.0105     0.00878889 0.00676667 0.00765556 0.00682222 0.00923333 0.01198889 0.01827778 0.01873333 0.5095    ,face11
0.03386877 0.03466992 0.00835203 0.00457659 0.00386557 0.00356513 0.00338487 0.00375541 0.00537774 0.00732054 0.01071543 0.01713467 0.02240226 0.02122056 0.00981413 0.00845217 0.00433624 0.00445642 0.00273394 0.00341492 0.00371535 0.00479691 0.00814172 0.02835083 0.02747957 0.7140983 ,face11
0.03363888 0.03232314 0.00803693 0.00566861 0.00433095 0.00441867 0.00476953 0.00549318 0.00614008 0.00894698 0.0134095  0.02152318 0.02807991 0.02609535 0.01197316 0.00970352 0.00541643 0.00526293 0.0031139  0.00338801 0.00368405 0.00487917 0.00836586 0.02656682 0.02393535 0.69083593,face11
0.02689906 0.02702393 0.00837669 0.00524454 0.00575442 0.00592092 0.00604579 0.0076795  0.00976067 0.01288241 0.01735692 0.02667014 0.03278876 0.02890739 0.01698231 0.01194589 0.00682622 0.00541103 0.00359001 0.00387097 0.00336108 0.00448491 0.00711759 0.02309053 0.02563996 0.66636837,face12
0.02251684 0.02013625 0.00933419 0.00797922 0.00810155 0.00961647 0.01097143 0.01448116 0.01856487 0.02459633 0.03290489 0.04855282 0.05828221 0.05199669 0.03017615 0.01884715 0.0109432  0.00892017 0.00611615 0.00661485 0.00592796 0.00653017 0.00969175 0.01712522 0.01802853 0.52304377,face12
0.027254   0.02646871 0.00865661 0.00618065 0.00581111 0.00514592 0.00625456 0.00792676 0.01081845 0.01355309 0.01890226 0.0268475 0.03214124 0.03418298 0.01748875 0.01247217 0.00728005 0.0060975 0.00425901 0.00425901 0.0039449  0.00529374 0.00881367 0.02324443 0.02315204 0.65355087,face12
0.0223757  0.01815085 0.00897663 0.00772517 0.00830856 0.00980466 0.01228876 0.01518687 0.01883774 0.02504799 0.03581241 0.05354925 0.06710828 0.05690843 0.03213331 0.02071023 0.01129135 0.00833678 0.00653958 0.00757462 0.00679363 0.00737702 0.00889194 0.01595845 0.0165042  0.4978076 ,face12
0.02601657 0.02601657 0.00838817 0.00618225 0.00541538 0.00605917 0.00661775 0.00773491 0.00948639 0.01254438 0.01836686 0.02647101 0.03235976 0.02953846 0.01706982 0.01226982 0.00706272 0.00593609 0.00396686 0.00453491 0.00374911 0.00470533 0.00744142 0.0235929 0.02291124 0.66556213,face12
0.02946206 0.02959885 0.00760063 0.00518963 0.00506994 0.00427482 0.00459971 0.00558291 0.00671147 0.00842139 0.01239698 0.01892035 0.02321227 0.02295578 0.01237133 0.00936185 0.00548887 0.00500154 0.00328306 0.0034455  0.00306077 0.00434322 0.0070962  0.02553777 0.02502479 0.7119883 ,face12
0.02369058 0.02179491 0.00956211 0.00769787 0.00844147 0.00879756 0.01013814 0.01262031 0.0160346  0.02128172 0.02972319 0.04466857 0.05259685 0.04640714 0.02691635 0.01797216 0.0099182  0.00695426 0.00535185 0.00577078 0.00596977 0.00776071 0.00997057 0.01838062 0.01933369 0.552246  ,face12
0.02524414 0.02351562 0.00844727 0.00671875 0.00763672 0.008125 0.00926758 0.01116211 0.01402344 0.01835937 0.02557617 0.03697266 0.0478418  0.04199219 0.02244141 0.01456055 0.00862305 0.00621094 0.00486328 0.00530273 0.0047168  0.00618164 0.00879883 0.02079102 0.02075195 0.591875  ,face12
0.02231858 0.02225574 0.01060944 0.00742556 0.00809585 0.00900703 0.0099601  0.01244227 0.01462071 0.02044386 0.02909479 0.04554833 0.05582262 0.04952818 0.02791131 0.0171343  0.01021146 0.00896513 0.00681811 0.00724752 0.00618971 0.00781307 0.01004388 0.01872624 0.01978404 0.54198217,face12
0.02969621 0.029004   0.00890985 0.00607175 0.00482576 0.00445987 0.00566631 0.00624975 0.00794075 0.01048218 0.01348839 0.0204897 0.02293224 0.0234168  0.01306317 0.01008663 0.00660575 0.00556742 0.00398521 0.00401487 0.00385665 0.00446976 0.0072683  0.02487046 0.02452435 0.69805387,face12
0.02868741 0.02881948 0.00774859 0.00460513 0.00383027 0.00420009 0.0043938  0.00571459 0.00733475 0.00906057 0.01347199 0.02083315 0.02572005 0.02973523 0.01395627 0.0107952  0.00594352 0.00487809 0.00329315 0.00360133 0.00290572 0.00428814 0.00705298 0.02555275 0.02436404 0.69921369,face12
0.02863177 0.02743802 0.00790634 0.00514233 0.00486685 0.00539945 0.00577594 0.00721763 0.008191   0.01078972 0.01617998 0.02490358 0.03251607 0.02876951 0.01450872 0.01024793 0.00616162 0.00552801 0.0038292  0.00398531 0.00403122 0.00505051 0.00836547 0.02344353 0.02333333 0.67778696,face12
0.02907715 0.02840579 0.00728516 0.00547975 0.00483561 0.00454529 0.00469045 0.00613297 0.00739403 0.01049681 0.01478807 0.02487661 0.02855095 0.02674554 0.01357236 0.00993432 0.00593337 0.00484468 0.00317535 0.00340216 0.00296669 0.00422775 0.00725795 0.02556612 0.02435949 0.69145558,face12
0.02467819 0.02477679 0.0099143  0.00735057 0.00637348 0.00729678 0.00813941 0.0109631  0.01342823 0.01782961 0.02457062 0.03636738 0.04194306 0.04020402 0.02200688 0.01545412 0.00863244 0.00638244 0.00475098 0.00531572 0.00547707 0.00744917 0.01135752 0.01976586 0.02048299 0.59908925,face12
0.02947217 0.02854118 0.00867097 0.0063435  0.00502916 0.00502916 0.00561331 0.00600579 0.00679074 0.00963847 0.01603673 0.02773797 0.03526802 0.02954518 0.01463112 0.01048731 0.00661732 0.00612444 0.00426247 0.00485574 0.00418945 0.00488312 0.00806856 0.02531923 0.02407791 0.66676098,face13
0.02128558 0.02290174 0.01132231 0.01010101 0.00913682 0.00975207 0.01035813 0.01112948 0.01336088 0.01831956 0.02662075 0.04370064 0.05844812 0.04729109 0.0256933  0.01652893 0.01065197 0.00849403 0.00586777 0.00727273 0.00741965 0.0085124  0.01112948 0.02056933 0.02156107 0.54257117,face13
0.02971    0.03092383 0.00901704 0.00547463 0.00478927 0.00496268 0.00473147 0.00489662 0.00616825 0.00821608 0.01285672 0.02317843 0.03198903 0.02843837 0.0153587  0.01299709 0.00817479 0.00781147 0.00592053 0.00589576 0.00524343 0.00664718 0.00919045 0.02542443 0.02631622 0.66566753,face13
0.02328353 0.02429498 0.00898294 0.00774115 0.00714028 0.00737061 0.00763099 0.00817177 0.01109598 0.01515182 0.02038936 0.03099463 0.03685307 0.03274716 0.01850665 0.01368971 0.00842213 0.00693999 0.00449647 0.00476686 0.00421607 0.00538776 0.0077111  0.02060968 0.02155103 0.64185427,face13
0.02036133 0.01745117 0.00935547 0.01081055 0.00985352 0.01032227 0.01165039 0.01469727 0.01890625 0.02726562 0.03898437 0.06849609 0.08361328 0.06868164 0.03487305 0.02299805 0.01458008 0.0124707 0.00915039 0.01       0.00992187 0.01098633 0.01251953 0.01580078 0.01867187 0.41757812,face13
0.02576465 0.02811299 0.00830066 0.0060961  0.00535805 0.0057127 0.00517593 0.00684373 0.0088566  0.01188548 0.0178378  0.02823759 0.03759262 0.0304134  0.01683137 0.01252768 0.0073805  0.00722714 0.00510884 0.00562643 0.00466793 0.00606734 0.00803228 0.02382847 0.02496909 0.65154463,face13
0.02491211 0.02424805 0.00938477 0.00681641 0.00636719 0.00677734 0.00732422 0.00869141 0.01088867 0.01459961 0.02083984 0.03267578 0.04182617 0.03457031 0.01952148 0.01267578 0.00833008 0.00635742 0.00424805 0.004375   0.00370117 0.00573242 0.00749023 0.0225293 0.0218457  0.63327148,face13
0.02031716 0.02103669 0.00857751 0.00708166 0.00595503 0.0064 0.00668402 0.00780118 0.01010178 0.01297988 0.01988166 0.03345799 0.04299172 0.0367432  0.01936095 0.01544142 0.00925917 0.00707219 0.00507456 0.00533964 0.0051787  0.00629586 0.00929704 0.02513609 0.04400473 0.60853018,face13
0.02852076 0.02730104 0.00833045 0.00605536 0.00639273 0.00660035 0.00559689 0.00564879 0.00721453 0.0108737  0.01638408 0.03378893 0.05086505 0.04134948 0.02258651 0.01542388 0.01032872 0.00861592 0.00710208 0.00733564 0.0058564  0.00769031 0.01004325 0.02356401 0.0241609  0.60237024,face13
0.02754346 0.02568909 0.00887881 0.00626858 0.005936   0.00652053 0.00640967 0.00677249 0.00899975 0.01137818 0.01726379 0.02668682 0.03241119 0.02813807 0.01644747 0.01090451 0.0062585  0.00492819 0.00362812 0.00421265 0.00382968 0.00500882 0.00726631 0.02362308 0.022968   0.67202822,face13
0.02977249 0.03167994 0.00872558 0.0062256  0.00487821 0.00480516 0.00519476 0.00533275 0.00637982 0.00870934 0.0145778  0.02623355 0.035089   0.03025138 0.01501611 0.01083595 0.00655027 0.00556814 0.00452918 0.00486197 0.00491067 0.00568177 0.00868499 0.02640401 0.02597382 0.66312773,face13
0.02867692 0.02753136 0.00915503 0.00639053 0.00556686 0.00557633 0.00582249 0.00639053 0.00761183 0.0108213  0.01341538 0.02275976 0.0299929  0.02711479 0.01363314 0.01040473 0.0059929  0.00638107 0.00412781 0.00425089 0.00328521 0.0044497  0.00705325 0.02393373 0.0235929  0.68606864,face13
0.02855703 0.02910313 0.01027515 0.00688091 0.00625079 0.005251 0.00503256 0.00533501 0.00688931 0.00922495 0.0147448  0.02605335 0.0368158  0.03584961 0.01864314 0.01381222 0.00767066 0.00692292 0.00537702 0.00589792 0.00575509 0.0063348  0.00883848 0.02520479 0.0237093  0.64557026,face13
0.03294065 0.0322794  0.0105873  0.006016   0.00420473 0.00366566 0.00414723 0.0048588  0.00586506 0.00808602 0.01165106 0.01901113 0.02371181 0.02275586 0.01228356 0.00942291 0.00604475 0.00539787 0.00434129 0.00477255 0.00498818 0.00702945 0.01017042 0.02645027 0.0279956  0.69132244,face14
0.03756494 0.03678179 0.00991116 0.00576048 0.003733   0.00300206 0.00252347 0.00314999 0.00355897 0.00550813 0.00710923 0.01263477 0.0160371  0.01582826 0.0079881  0.00703092 0.00392444 0.00400275 0.00241905 0.00286284 0.00253217 0.00445523 0.00834486 0.03089079 0.03030778 0.73213773,face14
0.02931    0.03272281 0.01170274 0.00730979 0.0052314  0.00399145 0.00401507 0.00420401 0.00550301 0.00708541 0.01036832 0.01811504 0.02411403 0.02521227 0.01381656 0.01100601 0.00656582 0.00545577 0.00431029 0.00636506 0.00669572 0.00788843 0.01215149 0.02701905 0.02608614 0.68375433,face14
0.02707834 0.02783449 0.01102289 0.00677169 0.00567108 0.0047385 0.00517538 0.00687251 0.00866205 0.01136736 0.01605545 0.02558286 0.03445495 0.03719387 0.01519009 0.01145978 0.00713296 0.00597353 0.00463768 0.00468809 0.00462928 0.00614157 0.0094518  0.02586852 0.02457467 0.65177064,face14
0.03299497 0.03446535 0.00932717 0.00602324 0.00417198 0.00346336 0.00352537 0.00443771 0.00541206 0.0081048  0.0115416  0.01892893 0.02447385 0.02043474 0.01075326 0.00907029 0.00470344 0.0041897 0.00265731 0.00338365 0.00305591 0.00485402 0.00888428 0.02855726 0.02822066 0.70436508,face14
0.02973385 0.02976421 0.00915997 0.00619266 0.00481904 0.00476592 0.00547929 0.00604087 0.00667835 0.00993405 0.01556512 0.02438358 0.03301991 0.02813257 0.01413079 0.01027556 0.00604846 0.00485698 0.00375657 0.00438646 0.00478868 0.00638238 0.01001753 0.02594692 0.02771517 0.6680251 ,face14
0.03547994 0.0358076  0.00970384 0.00520059 0.00377232 0.00325142 0.00336064 0.00353707 0.00436883 0.0057887  0.00865364 0.01312329 0.01555135 0.02005461 0.00898131 0.0079059  0.00488973 0.00467969 0.00344465 0.00403277 0.0036715  0.00583911 0.00966184 0.02984247 0.03058181 0.71881537,face14
0.03274307 0.03259231 0.00912119 0.00550286 0.00425564 0.00335791 0.00351553 0.00409117 0.00560566 0.0071407  0.01001891 0.01807105 0.02636304 0.02525287 0.01488446 0.01124558 0.00663359 0.00639374 0.00543434 0.00624983 0.006661   0.00792878 0.01023821 0.02726077 0.02689756 0.68254023,face14
0.0301686  0.03116862 0.00956402 0.00565116 0.00447663 0.00490617 0.00506054 0.00616124 0.00693307 0.00887943 0.01136943 0.01998711 0.02426911 0.02408789 0.01218825 0.01017477 0.00623507 0.00688609 0.00507396 0.0051545  0.00496658 0.00686596 0.00904051 0.02724905 0.02873903 0.68474321,face14
0.03026967 0.03192848 0.01042263 0.00650313 0.00462412 0.00455073 0.00474156 0.00465348 0.00503516 0.00669397 0.00910145 0.01768911 0.02137373 0.02637953 0.01275671 0.01084834 0.00585722 0.00604806 0.00406629 0.00477092 0.00393418 0.00691417 0.01033455 0.02822918 0.02642357 0.69585003,face14
0.03341315 0.03379962 0.00940979 0.00588952 0.00386473 0.00294056 0.00328502 0.0036631  0.00463768 0.00614157 0.00912413 0.0147616 0.020021   0.02358328 0.0120983  0.00951061 0.00617517 0.00549464 0.00429322 0.00533501 0.00606595 0.00656165 0.00918294 0.02831338 0.02901911 0.70341525,face14
0.03452608 0.03406573 0.01088449 0.00674136 0.00482195 0.00386224 0.00363597 0.00472832 0.00543054 0.00709248 0.00920695 0.0162058 0.02211229 0.02059861 0.00753722 0.00596111 0.00365157 0.00394026 0.00223152 0.00278549 0.00264505 0.00418994 0.00833307 0.03237259 0.03091352 0.71152586,face14
0.02941145 0.02793873 0.00864284 0.00568664 0.00384843 0.00422467 0.00482666 0.00600914 0.00687987 0.00901908 0.01188928 0.01810266 0.02203709 0.01879065 0.01045955 0.00891158 0.00486966 0.00463316 0.00293469 0.00410642 0.00279495 0.00417092 0.00594464 0.02809997 0.03376512 0.71200215,face15
0.02513048 0.0178172  0.0102956  0.01258717 0.01237884 0.01167712 0.01194027 0.01410026 0.01740055 0.02485637 0.03724617 0.06221218 0.08888865 0.05834174 0.0310732  0.0212381  0.01298189 0.011096 0.00707206 0.00847551 0.00730231 0.00885926 0.01041621 0.0171703 0.01906715 0.44037542,face15
0.02928359 0.02907986 0.00857426 0.00601438 0.00449086 0.00403026 0.00476545 0.00542092 0.00668757 0.00994721 0.0147038  0.02035502 0.02742347 0.02032844 0.01232993 0.00931831 0.00529691 0.00444657 0.00296733 0.00387082 0.0031622  0.00424284 0.00616497 0.02695401 0.03219777 0.69794324,face15
0.02898026 0.02702619 0.00936715 0.00779562 0.00590358 0.00575883 0.00578985 0.00674104 0.00811613 0.01197258 0.01635632 0.02768789 0.03351909 0.02655059 0.01448496 0.0113419  0.00629646 0.00570714 0.00378408 0.00443544 0.00385645 0.0050868  0.00761986 0.02507211 0.02658161 0.66416807,face15
0.03000252 0.02991182 0.00878811 0.00647014 0.00480726 0.0048778 0.0052003  0.00578483 0.00753842 0.01061224 0.01519778 0.02295792 0.02813807 0.02303855 0.01334341 0.0102192  0.00585538 0.00476694 0.00339632 0.00411187 0.00323507 0.00401109 0.00630889 0.02549761 0.03032502 0.68560343,face15
0.03087619 0.02943982 0.00829647 0.0063545  0.00460787 0.00465384 0.00494111 0.00636599 0.0076185  0.01008905 0.01291583 0.01852341 0.02254525 0.01898305 0.01022695 0.0086412  0.00466533 0.00546969 0.00338983 0.00474576 0.0031715  0.004447   0.00599828 0.02733697 0.03472565 0.70097099,face15
0.02934557 0.02807955 0.00925164 0.00694685 0.00558345 0.00549688 0.00529129 0.00627597 0.00758527 0.01141577 0.01619849 0.02659713 0.03321936 0.02577476 0.01368811 0.0115348  0.00564837 0.0054536 0.00374394 0.00443646 0.00358163 0.00488011 0.0073905  0.02501731 0.02759262 0.66997057,face15
0.03002174 0.03024249 0.00857606 0.00643481 0.00475712 0.00471297 0.00439289 0.00530899 0.00704186 0.00943698 0.01320074 0.01988941 0.02327789 0.01937065 0.01031997 0.00969084 0.00485646 0.00520966 0.00310151 0.00374168 0.00283661 0.00417214 0.00633547 0.0280902 0.03235064 0.70263021,face15
0.0287843  0.03050812 0.00891989 0.0065482  0.00518303 0.00469712 0.00478967 0.00512518 0.00668703 0.01041233 0.01484335 0.02179647 0.02716461 0.02257161 0.01300384 0.01022722 0.005345   0.00527558 0.00284604 0.00410709 0.00292702 0.00419964 0.00596973 0.02684067 0.0326253  0.68860197,face15
0.02857877 0.02879633 0.00845497 0.00592342 0.0047862  0.00419287 0.0051422  0.00598275 0.00715953 0.00959218 0.0137455  0.02269491 0.02914244 0.02307069 0.01279617 0.00950318 0.00584431 0.00458843 0.00315454 0.00356987 0.00280843 0.00442032 0.00623986 0.02779756 0.03291009 0.68910447,face15
0.03263848 0.03162846 0.00865995 0.00506878 0.00384367 0.00360987 0.00330126 0.00445155 0.00505008 0.00719169 0.01015627 0.01758176 0.02362315 0.01782491 0.01039007 0.00817365 0.00476017 0.00432062 0.00273078 0.00340413 0.00269338 0.00485369 0.00628454 0.02964584 0.03636993 0.71174331,face15
0.03066751 0.03053594 0.00960484 0.00677602 0.00533968 0.00476953 0.00497785 0.00525196 0.00635937 0.00824525 0.01189641 0.0186176 0.02360642 0.01792685 0.01056971 0.00973642 0.00482435 0.00498882 0.00327836 0.00382659 0.00279593 0.00348669 0.00595369 0.02742204 0.03110609 0.70743608,face15
0.03038194 0.02968268 0.00830681 0.0057147  0.0046658  0.00424383 0.00495515 0.00507571 0.00716146 0.01041667 0.01409385 0.02265384 0.0270544  0.02253328 0.01268326 0.00907841 0.00506366 0.00507571 0.00330343 0.00390625 0.00289352 0.00408709 0.0062934  0.02716291 0.02969473 0.69381752,face15
0.02972319 0.02834722 0.00825585 0.00650363 0.00434292 0.00474066 0.00396668 0.0051599  0.00743886 0.01069605 0.01523246 0.02256383 0.03007794 0.02559527 0.01365224 0.0107928  0.00568664 0.0051599 0.00346144 0.00418167 0.00377318 0.00453641 0.00686912 0.02600376 0.02883096 0.68440742,face15
0.02868198 0.03004018 0.0095074  0.00657414 0.0057752  0.00537573 0.00538714 0.00599206 0.00732743 0.01076287 0.01504291 0.02247306 0.02771183 0.02176543 0.01200694 0.01007807 0.00504474 0.00562683 0.00292184 0.00353817 0.00291043 0.00393764 0.00656273 0.02772325 0.02992604 0.68730597,face15
0.03017833 0.0307565  0.00993096 0.0059291  0.00488612 0.00428528 0.00484078 0.00577039 0.00697208 0.00891066 0.01226632 0.01836547 0.02403383 0.02653924 0.01258375 0.0090467  0.00514687 0.00472741 0.00294755 0.00371844 0.00369577 0.00603113 0.00770896 0.02783163 0.02727613 0.69562063,face16
0.02864738 0.02997658 0.00854216 0.00593025 0.00514017 0.00549338 0.00575364 0.00595814 0.00745464 0.01041977 0.01456536 0.02355369 0.02863809 0.02465051 0.01342207 0.0107265  0.00499145 0.00476837 0.00254685 0.00386675 0.00366225 0.00504722 0.00830049 0.0269185 0.02715088 0.68387493,face16
0.03080748 0.03158381 0.00844135 0.00502157 0.00373424 0.00416663 0.00493313 0.00566032 0.0065644  0.00858875 0.0134924  0.02167825 0.03007046 0.02648362 0.01341378 0.00990556 0.00582738 0.00446143 0.00292843 0.00387182 0.00418628 0.00542447 0.00719333 0.02578591 0.02652293 0.68925227,face16
0.02968636 0.03057661 0.00951881 0.00650566 0.00497626 0.00511322 0.00590075 0.0071334  0.00813778 0.01124224 0.01564783 0.02345462 0.02962929 0.02561176 0.01434669 0.01026068 0.00544421 0.00465668 0.00293325 0.00362947 0.00385774 0.00595782 0.00863997 0.02638787 0.02615961 0.6745914 ,face16
0.03197805 0.03078828 0.0093846  0.0068958  0.00576673 0.00511115 0.00598526 0.00653158 0.00730857 0.00976095 0.01317243 0.02147653 0.0253979  0.02547075 0.0129539  0.00965169 0.00529325 0.00464981 0.00307154 0.00358144 0.004407   0.00662871 0.00818269 0.02587138 0.02646627 0.68421372,face16
0.02471599 0.02610917 0.00951144 0.00751628 0.00660469 0.00678529 0.00821286 0.01013923 0.0117474  0.01565174 0.02207583 0.03516482 0.04470206 0.03766737 0.01977967 0.01328678 0.00759367 0.00666489 0.00450633 0.00499652 0.00485892 0.00650149 0.00876325 0.02351201 0.02327981 0.60965248,face16
0.03158889 0.03043333 0.00902222 0.0066     0.00531111 0.00513333 0.0053     0.0066     0.0073     0.0095     0.01288889 0.02226667 0.02626667 0.02426667 0.01216667 0.00901111 0.00468889 0.00418889 0.00263333 0.00355556 0.00383333 0.0054     0.00862222 0.0272 0.02773333 0.68848889,face16
0.03001661 0.03195195 0.00987651 0.00709211 0.00579355 0.00520671 0.00474472 0.00635543 0.00741675 0.00971419 0.01379715 0.02402327 0.02932987 0.0257963  0.01269837 0.00951442 0.00471975 0.00430771 0.0026096  0.00335876 0.00334628 0.00576858 0.00819089 0.02780657 0.02677022 0.67979373,face16
0.02675464 0.02800168 0.01046378 0.00820778 0.00684737 0.00730084 0.00851387 0.00913739 0.01116666 0.01437495 0.01825211 0.02783163 0.03599406 0.03373805 0.01596209 0.01186954 0.00574771 0.00518088 0.00329898 0.00404721 0.00480677 0.00659797 0.01003299 0.02373907 0.02499745 0.63713453,face16
0.03190485 0.03197912 0.0093688  0.00722554 0.00495496 0.00531571 0.00532632 0.00612208 0.00729981 0.00908232 0.01257308 0.01993655 0.02443527 0.02162357 0.01154389 0.00971894 0.00522021 0.00470032 0.00264194 0.00321489 0.00407431 0.00537937 0.00755446 0.0276926 0.02830799 0.69280311,face16
0.02947654 0.03103773 0.00924308 0.00661697 0.00439408 0.00469391 0.00528324 0.00573815 0.00779562 0.009698   0.01413344 0.02320075 0.02907331 0.0249894  0.01401971 0.00965664 0.00591392 0.00492137 0.00305001 0.00380476 0.00303967 0.00496273 0.00778528 0.02706754 0.02660229 0.68380186,face16
0.02352557 0.01889759 0.01200506 0.01191606 0.01178751 0.01245995 0.01301373 0.01597049 0.01978759 0.02539457 0.03446264 0.05972865 0.07534314 0.06106364 0.02828211 0.02052925 0.01172818 0.00950318 0.00783197 0.00828686 0.00910763 0.01121396 0.01299395 0.01818559 0.01908548 0.44789565,face16
0.02765321 0.02891123 0.00892264 0.00679099 0.0063833  0.00611539 0.00711715 0.00776946 0.01002924 0.01291803 0.01761232 0.02877145 0.03376859 0.02867826 0.01586507 0.011031   0.00615033 0.00542814 0.00385561 0.00405363 0.00453121 0.00594066 0.00797913 0.02530024 0.02394903 0.65447472,face16
0.02834018 0.03037559 0.00994959 0.00705212 0.00566325 0.00535195 0.00537589 0.00624993 0.00786629 0.00966224 0.01337388 0.02006681 0.02528705 0.02598149 0.01267945 0.01118282 0.00481316 0.0050167 0.00296931 0.00416662 0.00355599 0.005771   0.00859664 0.02678368 0.02729852 0.68656984,face16
0.03004785 0.03020032 0.01096594 0.00717771 0.00531291 0.00506662 0.00538328 0.00621599 0.00761165 0.0103678  0.01398011 0.02306953 0.02845281 0.02644727 0.01266654 0.00962892 0.00512526 0.00457403 0.00297898 0.00403453 0.00368268 0.00547711 0.00801041 0.02647073 0.02622443 0.68082661,face16
0.0253719  0.02344353 0.01191919 0.01020202 0.00960514 0.00936639 0.01102847 0.0125528  0.01450872 0.01962351 0.02690542 0.04204775 0.05267218 0.04206612 0.02359045 0.01618916 0.00947658 0.00717172 0.00552801 0.00529844 0.00555556 0.00694215 0.01078972 0.02258035 0.02258035 0.55298439,face16
0.02645221 0.0262987  0.01173817 0.00880953 0.00760501 0.0073216 0.00793566 0.00930551 0.01080526 0.01323792 0.01900072 0.03289994 0.03924139 0.03240396 0.01580047 0.01159646 0.00606984 0.00537311 0.00356633 0.00418039 0.00373165 0.00664848 0.0096834  0.02443287 0.02438564 0.63147577,face16
0.02794849 0.02688122 0.00891349 0.00676722 0.00566476 0.00600488 0.00589932 0.00749437 0.00915979 0.01237333 0.01718193 0.02871083 0.03385954 0.03181882 0.01552824 0.01185729 0.00661475 0.00540674 0.00357713 0.00399934 0.0039407  0.0055592  0.00828017 0.02394915 0.02312817 0.65948114,face2
0.03074516 0.02912401 0.00855922 0.00598578 0.00516954 0.0049088 0.00463672 0.0062692  0.00692673 0.00955685 0.01283316 0.01787799 0.02099559 0.02498611 0.01025972 0.01013502 0.00516954 0.00527157 0.0035824  0.00396785 0.00414924 0.00550964 0.00791302 0.02556428 0.02410185 0.705801  ,face2
0.02753232 0.02436082 0.0078713  0.00599828 0.00556162 0.00615915 0.00677966 0.00915829 0.01174375 0.01658144 0.0229819  0.03540362 0.04074691 0.03734559 0.0200632  0.01395001 0.0076185  0.00682562 0.00456191 0.00519391 0.005079   0.00538926 0.00857225 0.02041942 0.01941971 0.62468256,face2
0.03144872 0.03013198 0.00834958 0.00546091 0.0048893  0.00378691 0.00397064 0.00440956 0.00561402 0.00713491 0.0104727  0.01551511 0.01802611 0.02308894 0.00889057 0.00721657 0.00394002 0.0040523 0.00208229 0.00303157 0.00319489 0.0039094  0.00675724 0.02749849 0.02665129 0.73047597,face2
0.02758585 0.02864724 0.00823101 0.00520291 0.00449532 0.00436004 0.00469303 0.00559834 0.00728408 0.01003122 0.01547347 0.0251717 0.03075963 0.02885536 0.01413111 0.01041623 0.00579605 0.00452653 0.00325702 0.00379813 0.00311134 0.00486993 0.00744017 0.02547347 0.02308012 0.68771072,face2
0.02931153 0.02990994 0.0085399  0.0050712  0.00488864 0.0042091 0.00441194 0.00482778 0.00630857 0.00816463 0.0118159  0.01948355 0.02239442 0.02191772 0.01097408 0.00823563 0.00455394 0.00372226 0.00238346 0.00296158 0.00292101 0.00410767 0.00623758 0.02705992 0.02673536 0.71885269,face2
0.02709856 0.02723297 0.0088502  0.00628612 0.00602765 0.00560375 0.00664799 0.00745443 0.00934647 0.0128514  0.0176487  0.02735704 0.03234044 0.02881484 0.01470208 0.0102563  0.00570714 0.00469391 0.00323611 0.00389781 0.0040012  0.00512815 0.00864342 0.02417262 0.02201177 0.66998894,face2
0.02722924 0.02865896 0.00907283 0.00624563 0.00545015 0.00538565 0.00599839 0.00762161 0.00932008 0.01142704 0.01556571 0.02497178 0.02816447 0.03019618 0.01472722 0.01116904 0.00669712 0.0054824 0.00390218 0.00478366 0.00517065 0.00671862 0.00950282 0.0241763 0.02216608 0.67019618,face2
0.02984332 0.03096866 0.00898113 0.00607038 0.00517226 0.00497749 0.00433908 0.00544278 0.00662223 0.00898113 0.01166465 0.01886037 0.02142486 0.02213902 0.01014976 0.0089162  0.00499913 0.00449056 0.00318127 0.0040902  0.00396035 0.00535622 0.00782332 0.02525537 0.02420577 0.71208449,face2
0.03162494 0.03093052 0.00900814 0.00562285 0.00443656 0.00358782 0.00328884 0.00380965 0.00531422 0.00746499 0.01077312 0.01802592 0.0219706  0.02060106 0.01034875 0.00892134 0.0046391  0.00429189 0.0028066  0.00366498 0.00322133 0.00484163 0.00730103 0.02629142 0.02724625 0.71996644,face2
0.0306942  0.02992309 0.00782126 0.00589849 0.00476686 0.00448646 0.00455656 0.00515743 0.00697004 0.00866247 0.01163676 0.0192377 0.02348382 0.02231213 0.01103589 0.008332   0.00479691 0.00420606 0.00257371 0.00384554 0.00363523 0.00560808 0.00912314 0.02581718 0.0245153  0.7109037 ,face2
0.02809561 0.03029862 0.00841413 0.00563853 0.00521152 0.00487185 0.00493978 0.00572588 0.00727866 0.00869557 0.01328597 0.01933211 0.02255413 0.02569851 0.01131588 0.00881203 0.00500772 0.00454188 0.00275618 0.003387   0.00329966 0.00485244 0.00688076 0.02592172 0.02564028 0.7075436 ,face2
0.03178035 0.03229135 0.00767485 0.00419611 0.00385216 0.00398974 0.00428455 0.00490365 0.0052869  0.00767485 0.01074085 0.01861224 0.02402689 0.02237596 0.01040674 0.00885408 0.00485451 0.00396026 0.00285964 0.00303653 0.00333134 0.00444178 0.00664302 0.02697497 0.02605124 0.71689547,face2
0.02987889 0.03044983 0.00820069 0.00644464 0.00469723 0.00444637 0.00408304 0.00445502 0.0058737  0.00754325 0.01064014 0.01742215 0.02220588 0.01982699 0.01017301 0.00849481 0.005      0.00461938 0.00281142 0.00355536 0.00298443 0.00395329 0.00733564 0.02682526 0.02730104 0.72077855,face2
0.03025046 0.03007793 0.00735174 0.00529095 0.00467751 0.00409282 0.00413116 0.00492672 0.00653701 0.00893328 0.01253726 0.02121174 0.02414477 0.02399141 0.01209635 0.00915373 0.00502257 0.00479253 0.00266465 0.00338353 0.00348896 0.00489797 0.00778307 0.02628224 0.02542917 0.70685044,face2
0.0267691  0.02790355 0.00791131 0.00495577 0.00437859 0.00491596 0.00576182 0.00702564 0.00851835 0.01201126 0.01722577 0.02554508 0.03190399 0.02637105 0.01469813 0.01132462 0.0066674  0.00606036 0.00456766 0.00468708 0.00397058 0.00458757 0.00735404 0.02514703 0.02355482 0.67618346,face3
0.02685547 0.02822266 0.00838867 0.00521484 0.00337891 0.00370117 0.00442383 0.00572266 0.00759766 0.01058594 0.0159668  0.02480469 0.03089844 0.02651367 0.01439453 0.01074219 0.00594727 0.00578125 0.0040625  0.00476562 0.00425781 0.00491211 0.00714844 0.02446289 0.02359375 0.68765625,face3
0.02539491 0.0260683  0.00703068 0.00498767 0.0044969  0.00489637 0.00599206 0.00833181 0.01023786 0.01302274 0.01919741 0.02907003 0.03525612 0.03096466 0.01645818 0.01274881 0.00697361 0.00575237 0.00385774 0.00497626 0.00447407 0.00595782 0.00733884 0.02264427 0.02278123 0.6610893 ,face3
0.02604497 0.0271432  0.00847337 0.00490414 0.00406154 0.00429822 0.00526391 0.00616331 0.00779172 0.01099172 0.01609467 0.02784379 0.03504852 0.02831716 0.01493964 0.01093491 0.00604024 0.00495148 0.00389112 0.00438343 0.00359763 0.00448757 0.0072426  0.02514556 0.02420828 0.67773728,face3
0.02540459 0.02562388 0.00728038 0.00527389 0.00426516 0.00503267 0.00562475 0.00746678 0.00891408 0.01229113 0.01828867 0.02740011 0.03361695 0.02840884 0.01629315 0.01229113 0.00684181 0.00640323 0.00463795 0.00501075 0.00389237 0.00501075 0.00726942 0.02202754 0.02292663 0.6725034 ,face3
0.02428239 0.02629691 0.00788121 0.00505105 0.00457936 0.00487417 0.00634821 0.00786156 0.00983677 0.01254901 0.02010593 0.03158381 0.03783375 0.0311416  0.01753127 0.01226403 0.00691817 0.00576842 0.00387182 0.00436316 0.00386199 0.00500192 0.00747831 0.02361415 0.02318177 0.65591926,face3
0.01887332 0.0168931  0.0086558  0.00840062 0.00804336 0.01067685 0.01356552 0.01679103 0.02083312 0.02808031 0.04075779 0.06313222 0.07857588 0.06251978 0.03219386 0.01908767 0.01098307 0.00916616 0.00735947 0.00702263 0.00692056 0.00826792 0.00919679 0.016199 0.01786279 0.45994141,face3
0.02687281 0.02918762 0.00789704 0.00511545 0.00418191 0.00415333 0.00461058 0.00528692 0.00703018 0.00941168 0.01432708 0.02394833 0.03062605 0.02641556 0.01401273 0.01020233 0.00570607 0.0053155 0.00375324 0.00385802 0.00343888 0.00448674 0.00724928 0.02514861 0.02475804 0.69300602,face3
0.02041942 0.02033898 0.00899741 0.00830796 0.00790577 0.01077851 0.01353634 0.01693766 0.01902901 0.02423442 0.03663315 0.06151106 0.0775869  0.05848894 0.02947429 0.01814421 0.00976731 0.00766446 0.00640046 0.00643493 0.00665326 0.00663028 0.00916978 0.01798334 0.01914392 0.47782821,face3
0.02597161 0.02853569 0.00763019 0.00458018 0.00397018 0.00452849 0.00458018 0.00598629 0.00822986 0.01142461 0.01687327 0.02674704 0.03343638 0.02785331 0.01451598 0.01138326 0.0063068  0.00536595 0.00403222 0.00406323 0.00387713 0.00415628 0.00720629 0.02389347 0.02363499 0.68121711,face3
0.02584643 0.02680135 0.00745897 0.0052096  0.00387272 0.00371357 0.00455177 0.00613269 0.00868975 0.01164999 0.01579858 0.02638755 0.03192607 0.0270666  0.01523624 0.0112468  0.00621757 0.00561279 0.00404248 0.00430774 0.00380906 0.00442445 0.00698151 0.0233212 0.02427612 0.68541841,face3
0.02688872 0.02846098 0.00796146 0.00503725 0.00419604 0.00510735 0.00544784 0.00669965 0.00787133 0.01018467 0.01477127 0.02406465 0.02977287 0.02467553 0.0136096  0.01016464 0.00571823 0.00567818 0.00361521 0.00407587 0.00359518 0.0042361  0.00713027 0.02490586 0.02389441 0.69223682,face3
0.02451607 0.02681017 0.00813778 0.00574096 0.00432569 0.00533008 0.00610619 0.00744156 0.00879976 0.01233793 0.0185126  0.03050813 0.04041499 0.03219732 0.01770225 0.01181291 0.00708775 0.00579803 0.00523877 0.00491919 0.0048393  0.00540997 0.00786386 0.0227584 0.02314646 0.65224388,face3
0.02607944 0.02839855 0.00810634 0.00529179 0.00406898 0.00437468 0.00502825 0.00625105 0.00741061 0.01040437 0.01550641 0.0263746 0.03350059 0.02565778 0.01529558 0.01120552 0.00614564 0.00575561 0.00375274 0.00515475 0.00383707 0.00504933 0.00737898 0.0230646 0.02377087 0.68313586,face3
0.02941727 0.02933403 0.00902185 0.0058897  0.00469303 0.00404787 0.00462019 0.00566077 0.00662851 0.00899063 0.01276795 0.0217898 0.02724246 0.02651405 0.01293444 0.00990635 0.00545265 0.00451613 0.00279917 0.00325702 0.00336108 0.00429761 0.00728408 0.02594173 0.02687825 0.69675338,face4
0.02566406 0.02388672 0.01109375 0.00939453 0.00799805 0.00811523 0.00873047 0.00978516 0.0134082  0.01832031 0.02629883 0.04413086 0.05642578 0.04626953 0.02456055 0.01727539 0.0097168  0.00869141 0.00623047 0.00679687 0.00661133 0.00879883 0.01137695 0.01932617 0.02182617 0.54926758,face4
0.03304853 0.03143665 0.00942407 0.00590364 0.00445987 0.00374787 0.00378743 0.00458843 0.0055872  0.00763419 0.0113524  0.0195107 0.02562201 0.02382224 0.01140184 0.00882085 0.00551798 0.00495431 0.0034611  0.00366876 0.00326332 0.00454887 0.00763419 0.02658123 0.02711522 0.70310708,face4
0.03164447 0.02942653 0.00793165 0.00482836 0.00397952 0.00366006 0.00377872 0.00509305 0.00586888 0.00838802 0.01282391 0.02293699 0.031252   0.02965471 0.01312511 0.00931901 0.00560418 0.00490138 0.00355966 0.00465494 0.00379697 0.005376   0.00814158 0.02537399 0.02550178 0.68937852,face4
0.0298682  0.03011621 0.00874256 0.00601438 0.00529691 0.00439342 0.0054032  0.00643955 0.00870713 0.01243622 0.0171751  0.02845982 0.03664435 0.03475765 0.01668793 0.01207306 0.00686473 0.00542092 0.00412769 0.00417198 0.00416312 0.00585495 0.00946003 0.02742347 0.02377409 0.64552331,face4
0.02529657 0.02484912 0.01010406 0.00863684 0.00745057 0.00700312 0.00840791 0.00979188 0.01172737 0.01575442 0.02323621 0.03715921 0.04471384 0.04066597 0.02115505 0.01480749 0.00805411 0.00669095 0.00537981 0.00528616 0.0046514  0.00620187 0.01037461 0.02211238 0.0242872  0.59620187,face4
0.03039977 0.03017432 0.00955009 0.00621342 0.00517635 0.00477955 0.00439178 0.00554609 0.00656512 0.00945991 0.01322945 0.02226551 0.02853304 0.0270631  0.01364427 0.01028055 0.00562725 0.00533867 0.00372445 0.00385972 0.00376954 0.00515831 0.00907214 0.02598995 0.0257104  0.68447727,face4
0.02719932 0.02533667 0.01063214 0.00752001 0.00662918 0.00617798 0.00671017 0.0080522  0.01085196 0.01453098 0.02269888 0.03598038 0.04583738 0.03868758 0.02004952 0.01337406 0.00780925 0.00640937 0.00475496 0.00540284 0.00497478 0.00625897 0.00905873 0.02119487 0.02288398 0.61098385,face4
0.0296443  0.03074107 0.00818236 0.00528658 0.00421348 0.00372428 0.0039531  0.00497885 0.00608351 0.00789831 0.01114916 0.0196787 0.02558863 0.02285854 0.01221437 0.00890039 0.00463957 0.00482894 0.0032114  0.0033771  0.00273008 0.00407935 0.00720395 0.02651969 0.02681164 0.71150265,face4
0.03067472 0.02963716 0.0087011  0.00529052 0.00409887 0.00424269 0.0044276  0.00509533 0.00711908 0.00948184 0.01375534 0.02270299 0.02839415 0.02821951 0.01375534 0.00966675 0.00506451 0.00472551 0.00364686 0.00306131 0.0032154  0.00449951 0.00762245 0.02563075 0.02775723 0.68951348,face4
0.02961158 0.03064662 0.00901426 0.00589973 0.00468591 0.00416839 0.00485528 0.00604087 0.00714178 0.00971056 0.0136249  0.02301554 0.02804961 0.02642177 0.01443411 0.00999285 0.00531635 0.00493056 0.00324626 0.00347209 0.00311453 0.00470473 0.00895781 0.02561256 0.02660996 0.68672137,face4
0.02886438 0.03012118 0.00824248 0.00589646 0.0047444  0.00404269 0.00466061 0.00570794 0.00689142 0.01022193 0.01421225 0.02348111 0.03048774 0.02840356 0.01389805 0.00979252 0.00540422 0.00457683 0.00347713 0.00327814 0.00310009 0.00421026 0.00828437 0.02501021 0.02494737 0.68804265,face4
0.0277099  0.02719917 0.01149656 0.00911312 0.00870253 0.00842213 0.00769108 0.00879266 0.0106954  0.01433064 0.02018907 0.03343815 0.0422208  0.03726366 0.01851666 0.01276839 0.00761096 0.00640923 0.00462666 0.00483697 0.00500721 0.00651939 0.01137638 0.02457539 0.0235439  0.606944  ,face4
0.02543412 0.02352557 0.01069973 0.00834619 0.00725842 0.00702108 0.00678375 0.00822752 0.01098651 0.01690004 0.02481112 0.03856651 0.05322179 0.04296705 0.02138958 0.01461572 0.00872197 0.00769352 0.00510265 0.00574542 0.00528065 0.00711008 0.01145129 0.02302124 0.02259602 0.58252245,face4
0.02997229 0.02921643 0.00840514 0.00605694 0.00529101 0.00431343 0.0046964  0.00605694 0.00852608 0.01194255 0.01611489 0.02624339 0.03159486 0.03144369 0.01572184 0.01130763 0.00608718 0.00521038 0.00339632 0.00368859 0.00323507 0.00413202 0.00790123 0.02502394 0.02477198 0.66964979,face4
0.02894901 0.02961498 0.00835588 0.00530697 0.00496358 0.00378772 0.00445369 0.00529657 0.006077   0.00934443 0.01306972 0.02213319 0.02775234 0.02730489 0.01343392 0.0098231  0.00510926 0.00469303 0.00329865 0.0033923  0.00295525 0.00421436 0.00791883 0.02632674 0.02691988 0.69550468,face4
0.02793785 0.02724346 0.00873847 0.0067545  0.00567234 0.00554609 0.0056543  0.00697995 0.00896392 0.01230961 0.01757613 0.0293627 0.03613523 0.03172542 0.01687273 0.01174147 0.00661923 0.00525751 0.00407615 0.00398597 0.00354408 0.00541983 0.00878356 0.0240601 0.02514226 0.65389714,face4
0.02960217 0.03203922 0.00897663 0.00645489 0.00454477 0.00433776 0.0041778  0.00453536 0.00608792 0.00786631 0.01198765 0.02326019 0.02916933 0.02463397 0.01128195 0.0087508  0.00454477 0.00445068 0.00307689 0.00368851 0.00363205 0.00501524 0.00846852 0.02746622 0.02673228 0.69521811,face5
0.03128236 0.03377973 0.00918022 0.0053515  0.0048294  0.00416808 0.00422029 0.00471628 0.00562995 0.00725716 0.01109458 0.01702909 0.02332907 0.01889994 0.00984154 0.00793589 0.00436822 0.0037504 0.00281933 0.00353286 0.00328051 0.00501214 0.00752691 0.02893292 0.02835861 0.71387301,face5
0.03036979 0.03061224 0.01098415 0.00730519 0.00501771 0.00482796 0.00461714 0.00479634 0.00583994 0.008275   0.01106848 0.0218945 0.02975839 0.02482501 0.01128985 0.00834879 0.00559749 0.00493338 0.00363679 0.00403736 0.00403736 0.00615618 0.00854908 0.0277239 0.02661705 0.68888092,face5
0.03253431 0.03348364 0.01116451 0.00725842 0.00529053 0.00486531 0.00403465 0.00410387 0.00483565 0.00604209 0.00910763 0.01661327 0.02432657 0.01904592 0.00974052 0.00837586 0.00521142 0.00463787 0.0032831  0.00370832 0.00344132 0.00482576 0.00891974 0.028559 0.02745145 0.70913927,face5
0.02923444 0.03193743 0.01079278 0.00730382 0.00555934 0.00502257 0.00440913 0.00534846 0.00591398 0.00862656 0.01288232 0.02327253 0.03089266 0.0243173  0.01156917 0.00863614 0.00467751 0.00469668 0.00357523 0.00391071 0.00389154 0.00618237 0.00796519 0.02789253 0.02646436 0.68502526,face5
0.02469723 0.02841696 0.01308824 0.01002595 0.00878028 0.00817474 0.00757785 0.0083045  0.00987024 0.01383218 0.01961073 0.03537197 0.04438581 0.03371972 0.01737889 0.01149654 0.00641869 0.00595156 0.00448962 0.00492215 0.00510381 0.00821799 0.01144464 0.02482699 0.02413495 0.60975779,face5
0.03300023 0.03244904 0.00897223 0.00537925 0.00412375 0.00394002 0.00383795 0.0047464  0.00604273 0.0074003  0.01154447 0.01797507 0.02462003 0.02568159 0.01062581 0.00790046 0.00435852 0.00413396 0.00318468 0.0036338  0.00354194 0.00512407 0.00812502 0.0287642 0.02714124 0.70375323,face5
0.02713001 0.02959724 0.01126924 0.00770652 0.00634431 0.00613474 0.00616331 0.00681108 0.00796373 0.00990703 0.01507011 0.02618694 0.03463649 0.02750152 0.01363169 0.01002134 0.00646815 0.00607758 0.00491541 0.00449627 0.0043248  0.00623    0.00943073 0.02514861 0.02434842 0.66248476,face5
0.03029049 0.03086095 0.01256138 0.0084451  0.00759499 0.00620798 0.0061185  0.00654355 0.00766211 0.0094518  0.01514524 0.02498853 0.03174461 0.02489905 0.01383653 0.0104585  0.00582768 0.00546974 0.00392613 0.00456371 0.00398206 0.0059619  0.01046968 0.02713616 0.02395946 0.66189416,face5
0.03032577 0.03087346 0.00812406 0.00592316 0.00449308 0.00383383 0.00396568 0.00479735 0.00580145 0.00883403 0.01279971 0.02292182 0.0288957  0.02499087 0.01258672 0.00971642 0.00499006 0.00467565 0.00337742 0.00375269 0.00315429 0.00432066 0.00762708 0.02563999 0.02724248 0.69633657,face5
0.03155819 0.03221565 0.00989275 0.00683144 0.00491042 0.00408859 0.00506451 0.0045406  0.0057117  0.00793064 0.01197814 0.01966223 0.02715113 0.02134698 0.01030367 0.0094202  0.00421187 0.00470496 0.00294831 0.00418105 0.00336949 0.00484878 0.00845455 0.0284866 0.02739768 0.69878986,face5
0.03127055 0.03198964 0.01094058 0.00704717 0.00477687 0.00423241 0.00457142 0.00580416 0.00650271 0.00806418 0.01133095 0.02286736 0.0307569  0.02428501 0.01099195 0.00849564 0.00593771 0.00518779 0.0039345  0.00428378 0.00371877 0.00549597 0.01132068 0.02851742 0.02526093 0.68241494,face5
0.03007793 0.02998208 0.01069693 0.00649867 0.00534846 0.00490755 0.00513759 0.00480212 0.00581813 0.0080227  0.01086946 0.02130759 0.03016419 0.0236751  0.01228805 0.00907705 0.00521427 0.00520469 0.00401614 0.00443788 0.00472544 0.00573187 0.00784058 0.02744203 0.02641643 0.69029704,face5
0.02883366 0.03021768 0.00857119 0.0059974  0.00466195 0.00451626 0.00451626 0.0049169  0.00692008 0.00982166 0.01384016 0.024196 0.03239083 0.02494871 0.0134031  0.00979738 0.00513543 0.00481977 0.00369071 0.00435844 0.00381211 0.00429773 0.0074664  0.02409887 0.02551931 0.68925202,face5
0.02564477 0.02726155 0.0118162  0.00846226 0.00746468 0.00748188 0.00755927 0.00779147 0.00995863 0.01264179 0.01973667 0.03326425 0.04483106 0.03278266 0.01659772 0.01167861 0.00642409 0.00535771 0.00446333 0.00492772 0.00520291 0.00794627 0.01051763 0.02280682 0.02508578 0.62229427,face5
0.03035659 0.03010409 0.00981025 0.00711687 0.00475082 0.00434868 0.00450766 0.00486304 0.00599463 0.00833263 0.01248492 0.02263184 0.02987964 0.0236325  0.01180222 0.00922107 0.0051436  0.00445155 0.00311422 0.00360987 0.00316098 0.00437674 0.00798661 0.0269057 0.02861712 0.69279615,face5
0.02058029 0.01982189 0.01060615 0.0111807  0.01157139 0.01201953 0.01227234 0.01375467 0.01647802 0.02172939 0.03408216 0.05847745 0.08035622 0.05708704 0.0313588  0.01907498 0.01057167 0.00891698 0.00592933 0.00745763 0.00654984 0.00734272 0.00975582 0.01912094 0.01792588 0.47597817,face6
0.02622922 0.02645646 0.00773676 0.00570248 0.00564837 0.00577822 0.00569166 0.00627597 0.00763937 0.01210829 0.01838426 0.02762509 0.03473425 0.03066569 0.01653393 0.01214075 0.00655731 0.00558345 0.00358163 0.00404692 0.00363573 0.00533457 0.00754198 0.02377294 0.02361063 0.66698407,face6
0.02704077 0.02736539 0.00834271 0.00585396 0.00505324 0.00490175 0.00581068 0.00614612 0.00774758 0.01060422 0.01598208 0.02604527 0.03344659 0.03007055 0.01606865 0.01237881 0.00648156 0.00624351 0.00396035 0.00400364 0.00374394 0.00525883 0.00824533 0.02415166 0.02365391 0.67139889,face6
0.02572705 0.02753966 0.00821183 0.00628906 0.0053477  0.00612883 0.00579835 0.00673971 0.00831197 0.01122617 0.01786573 0.02863123 0.03633232 0.03088447 0.01725485 0.01285852 0.00720037 0.00606874 0.00441636 0.00495714 0.00457659 0.00531766 0.00815174 0.02343374 0.02245233 0.65827792,face6
0.0255234  0.02719913 0.00883945 0.00709042 0.00613735 0.00596977 0.00655628 0.00765597 0.00828437 0.01131115 0.01816068 0.02819409 0.03605953 0.03080194 0.01868435 0.01311256 0.00745698 0.00644107 0.00453493 0.00480724 0.00421026 0.00547753 0.00822153 0.02355442 0.02330307 0.65241252,face6
0.02339897 0.02118893 0.00990148 0.01028855 0.0111501  0.01203661 0.0122239  0.01363483 0.01559515 0.021576   0.03255129 0.05234177 0.06740002 0.05111813 0.02729463 0.01814232 0.01052579 0.00855298 0.00516925 0.00583101 0.0054814  0.00820337 0.01091286 0.01959071 0.01802994 0.50786001,face6
0.02357538 0.02488225 0.00856581 0.00706485 0.00591326 0.00676725 0.00718131 0.00843642 0.01024792 0.01306868 0.02167331 0.03616531 0.04747425 0.03695461 0.01924072 0.0137674  0.00723306 0.00661198 0.00482635 0.00534393 0.00481342 0.00593913 0.00866932 0.02188034 0.02061229 0.62309145,face6
0.02602748 0.02723922 0.00745073 0.00632911 0.0050673  0.00495714 0.00468675 0.005558   0.00707018 0.00973402 0.01538215 0.02608757 0.03245674 0.02839088 0.01456097 0.01163676 0.0061789  0.00604871 0.0040959  0.00474684 0.0040959  0.0049271  0.00716031 0.02380428 0.02560687 0.68070021,face6
0.02343456 0.02344531 0.00833109 0.00816985 0.00687987 0.00704112 0.00850309 0.00918033 0.01065305 0.01520021 0.0214136  0.03363612 0.04349368 0.04035474 0.02066111 0.01526471 0.00855684 0.00706262 0.00495566 0.0055039  0.00564364 0.00598764 0.00828809 0.02184359 0.02157485 0.61492072,face6
0.02497786 0.02592324 0.00915523 0.0070754  0.00671715 0.00674701 0.00728438 0.00796107 0.00976226 0.01356367 0.01975341 0.02976445 0.03557603 0.03026202 0.01777309 0.0126382  0.0067271  0.00546328 0.00391088 0.00498562 0.00495577 0.00573197 0.00804068 0.02361452 0.02522664 0.64640906,face6
0.02558696 0.02732148 0.00786768 0.00563435 0.00511286 0.00482944 0.00520355 0.00591776 0.00758426 0.01138206 0.01869424 0.02850049 0.03676496 0.03422553 0.01631353 0.01217563 0.00624653 0.00528291 0.00354839 0.00428528 0.00354839 0.00452335 0.00769763 0.02418121 0.02588171 0.66168985,face6
0.02896835 0.02897855 0.00776776 0.00637957 0.00429728 0.00435852 0.00435852 0.00489951 0.00653268 0.0092172  0.01445355 0.02172116 0.02713103 0.02896835 0.01524972 0.01107493 0.00638978 0.00569568 0.00387878 0.00406251 0.00420541 0.00539967 0.00780859 0.02523247 0.02595719 0.68701324,face6
0.02653214 0.02795271 0.00873592 0.0061968  0.00549211 0.00559278 0.00558159 0.00648762 0.00835561 0.01112963 0.01749421 0.03016745 0.04271764 0.03156564 0.01828839 0.0123153  0.00723706 0.00658829 0.00421696 0.00466438 0.0038702  0.00582768 0.00847865 0.02388116 0.02390354 0.64672655,face6
0.02549533 0.02665963 0.00806058 0.00654798 0.00598075 0.00555285 0.00606036 0.0074436  0.00899601 0.01359353 0.02018131 0.0345809 0.04215387 0.03520783 0.0175044  0.012678   0.00617978 0.0056026 0.00356258 0.00404024 0.00415966 0.00594095 0.00804068 0.02429122 0.0252565  0.63622884,face6
0.02736738 0.02789467 0.00797138 0.00533493 0.00504544 0.00515917 0.00512815 0.00634816 0.00775426 0.01137292 0.01690429 0.02757416 0.03518367 0.02765687 0.01575666 0.01161072 0.006679   0.00602765 0.00344289 0.00406323 0.00345323 0.00536595 0.00854003 0.02428635 0.02571313 0.66836571,face6
0.02476844 0.02730047 0.00902441 0.00660059 0.00509652 0.00437154 0.00560509 0.00649238 0.00768265 0.01061505 0.01742123 0.02717062 0.03398762 0.03005973 0.01690184 0.0121624  0.00683864 0.0057674 0.00499913 0.00459877 0.0037223  0.00509652 0.0071308  0.02324273 0.02525537 0.66808778,face6
0.02047092 0.0175581  0.00916232 0.00861222 0.00808917 0.00857614 0.01028055 0.013509   0.01792784 0.02670238 0.04378252 0.0691863 0.09163217 0.06630053 0.03517031 0.01983064 0.01083065 0.00818837 0.00523046 0.00521242 0.00441883 0.00584368 0.00896392 0.01618736 0.01817132 0.45016187,face7
0.02299192 0.02300797 0.00739914 0.00544102 0.00495149 0.00560955 0.00625155 0.0078646  0.01107464 0.01486249 0.02283142 0.0348771 0.04215586 0.03733278 0.02075292 0.01435691 0.0075436  0.00625155 0.00365142 0.00394033 0.00290509 0.00377982 0.00640403 0.02190853 0.02428396 0.63757032,face7
0.02350555 0.02307947 0.00815869 0.00624921 0.00594148 0.00528658 0.00516033 0.00742488 0.00958686 0.01433689 0.02188013 0.03245329 0.03884453 0.03394458 0.01997854 0.01310598 0.00744855 0.00534181 0.00357436 0.00383474 0.00316406 0.00434762 0.00676209 0.02311103 0.02542293 0.6480558 ,face7
0.02422009 0.02604951 0.00736144 0.00591716 0.00421029 0.00470047 0.00495431 0.00655614 0.00828928 0.01182557 0.01769896 0.02769511 0.03355975 0.02867547 0.01663982 0.01184307 0.00659116 0.00566332 0.00325619 0.00367634 0.00304611 0.00406148 0.00621477 0.02344981 0.02570813 0.67813627,face7
0.01996692 0.01731599 0.00817433 0.00788634 0.0073916  0.00877983 0.01072188 0.01405955 0.01974539 0.02670871 0.04037689 0.06453066 0.08118207 0.06345256 0.03308129 0.02046905 0.01180736 0.00774604 0.00526495 0.00513941 0.00492527 0.00567108 0.00899397 0.01691724 0.01881498 0.47087665,face7
0.02427638 0.02473146 0.00814443 0.00593178 0.00489608 0.00519423 0.00604163 0.00760304 0.00934491 0.01288358 0.01869768 0.02763458 0.03661072 0.03014539 0.01741089 0.01267174 0.00710088 0.00550809 0.00372698 0.00353082 0.00270697 0.00383683 0.00677918 0.02346821 0.02385268 0.66727083,face7
0.01929892 0.01676419 0.00780153 0.00788501 0.0074069  0.00839348 0.01006306 0.01338706 0.01768246 0.02593174 0.04000182 0.0653568 0.083358   0.06121318 0.03357391 0.02030068 0.01063224 0.00734619 0.00438646 0.0042954  0.00393871 0.00503912 0.00726271 0.01750791 0.025613   0.4755595 ,face7
0.0183983  0.01643987 0.00905871 0.00722512 0.00719391 0.00881683 0.01050997 0.01453606 0.01883524 0.02751163 0.04119722 0.06735121 0.08408758 0.06313005 0.03316844 0.01959989 0.01043975 0.00766206 0.00518086 0.00559439 0.00489997 0.00628882 0.00927718 0.01766487 0.02515527 0.46077682,face7
0.01929931 0.01722318 0.00940311 0.00855536 0.00781142 0.00822664 0.01011246 0.01406574 0.01890138 0.02670415 0.04108997 0.06262111 0.08031142 0.06072664 0.03321799 0.0200346  0.01118512 0.00773356 0.00475779 0.00557093 0.00460208 0.00589965 0.00848616 0.01706747 0.02296713 0.47342561,face7
0.01970317 0.01733678 0.00912237 0.00840745 0.0079356  0.00905802 0.01013755 0.01294003 0.01754411 0.0255798  0.04012125 0.06798879 0.08626212 0.06696646 0.03304355 0.01934571 0.01203209 0.00810718 0.00592668 0.00561211 0.00501873 0.00724213 0.00967285 0.0167291 0.01828048 0.4598859 ,face7
0.01964938 0.01629657 0.00796932 0.00796202 0.00794741 0.0085756 0.01074507 0.01401753 0.01853178 0.02601169 0.04154858 0.06722425 0.08569028 0.07038714 0.03540541 0.02016801 0.01139518 0.0080935 0.00583638 0.00541271 0.00544193 0.00701972 0.00943024 0.01545654 0.01747261 0.45631118,face7
0.018465   0.01664102 0.00818915 0.00748358 0.00730343 0.00872959 0.01089135 0.01474948 0.01975605 0.02790017 0.04185401 0.06639144 0.08224432 0.06551323 0.0356915  0.02027397 0.0115744  0.00776881 0.00562207 0.00510415 0.00501407 0.00609495 0.00831676 0.01582286 0.01835241 0.4642522 ,face7
0.02347271 0.02478633 0.00772572 0.00525447 0.00477008 0.00528731 0.00595233 0.00669124 0.0099014  0.01348922 0.01965501 0.02960567 0.03513107 0.03124769 0.01805404 0.01179793 0.00694576 0.00525447 0.00288175 0.00304595 0.0024384  0.00344004 0.00583739 0.02348913 0.02486843 0.66897645,face7
0.01829329 0.01644726 0.00745932 0.00786027 0.00897123 0.00939724 0.01172776 0.01524441 0.02042334 0.02832537 0.04204952 0.06882121 0.08503458 0.06327475 0.03180026 0.01995556 0.01130175 0.0090297 0.0065906  0.00551305 0.00516222 0.00676601 0.00886264 0.01633867 0.01962979 0.4557202 ,face7
0.02886374 0.02886374 0.0087258  0.00618237 0.0050202  0.00520119 0.00490588 0.00701113 0.00826856 0.0111073  0.01695626 0.02739674 0.03737997 0.03203589 0.01549878 0.01200274 0.00679203 0.00546792 0.00371513 0.00389613 0.00389613 0.00460105 0.00650625 0.0231291 0.02400549 0.66257049,face8
0.02856331 0.0284497  0.00735621 0.0047716  0.00492308 0.00519763 0.00631479 0.00650414 0.00824615 0.01205207 0.01669112 0.02377278 0.0320284  0.02908402 0.01563077 0.01166391 0.00643787 0.00513136 0.00376805 0.00389112 0.00329467 0.00469586 0.00693018 0.02293964 0.02457751 0.67708402,face8
0.02928937 0.02854979 0.00811762 0.00545333 0.00515037 0.00436623 0.0045088  0.00552462 0.00731566 0.01008688 0.01605703 0.02383604 0.03221207 0.02826465 0.01494319 0.01221653 0.00605926 0.00489196 0.00345734 0.00403653 0.00359991 0.00454444 0.0069325  0.02453999 0.02728447 0.67876142,face8
0.02865469 0.02791064 0.00845911 0.00570437 0.00506661 0.00490717 0.00593467 0.00662557 0.00899943 0.01232993 0.01789257 0.0271666 0.03521825 0.03039966 0.01657277 0.01102785 0.00600553 0.00535891 0.0033925  0.00387082 0.00343679 0.00473887 0.00673186 0.02348179 0.02545706 0.66465597,face8
0.02788407 0.02668828 0.00851226 0.00541206 0.00496032 0.00515519 0.00560693 0.00679386 0.00864512 0.01333085 0.01765342 0.02797265 0.03547513 0.03054138 0.01605017 0.01077098 0.00608525 0.00526148 0.00360509 0.00416312 0.00366709 0.00465916 0.00731647 0.02349065 0.02504075 0.66525829,face8
0.02751327 0.02653468 0.00985171 0.00672777 0.0056645  0.00562686 0.00622906 0.00728292 0.00951297 0.01401069 0.020682   0.0318228 0.03890813 0.03409989 0.01910121 0.01448116 0.00760285 0.00579623 0.00379201 0.00389552 0.0039802  0.00538221 0.00758403 0.02196168 0.02336369 0.63859197,face8
0.03027024 0.02956453 0.0084497  0.00574918 0.00471414 0.00493056 0.00541985 0.00671836 0.00743348 0.01138545 0.01495164 0.02360834 0.03095713 0.02762618 0.01359667 0.00987053 0.00550454 0.00522225 0.00292634 0.00310512 0.00323685 0.00453536 0.00739584 0.024267 0.02510445 0.68345628,face8
0.02457991 0.02409617 0.01001269 0.00905432 0.00870748 0.00867097 0.00844279 0.01051469 0.01372751 0.01981545 0.0309873  0.04876735 0.06149086 0.04755342 0.02594901 0.01515138 0.00910908 0.00748442 0.00479185 0.00545815 0.00585975 0.00709194 0.00939203 0.02058214 0.02044523 0.54226413,face8
0.02890162 0.02906185 0.00884273 0.0065995  0.00546787 0.00526759 0.00593855 0.00669965 0.00817177 0.01200729 0.01824627 0.03240667 0.03946683 0.03323786 0.01758532 0.01176694 0.00670966 0.00559806 0.00417601 0.00404583 0.00403581 0.00547789 0.00791139 0.02442517 0.02448526 0.64346659,face8
0.030506   0.02914602 0.00784537 0.0059839  0.00558441 0.00492992 0.00457292 0.0061369  0.00769237 0.01087132 0.01421177 0.02176814 0.02725905 0.02533808 0.01367627 0.01059083 0.00515092 0.0059244 0.00342544 0.00378244 0.00312795 0.00410543 0.00741188 0.02385911 0.02641756 0.6906816 ,face8
0.02492239 0.02448379 0.00970064 0.00818706 0.00766247 0.00694868 0.00785167 0.01003603 0.0118248  0.01751791 0.02553298 0.03861336 0.05037796 0.04137391 0.02233383 0.01449936 0.00791187 0.0059683 0.00462672 0.00570171 0.00518571 0.0059769  0.00877185 0.02053646 0.02192964 0.59152398,face8
0.02072233 0.02055812 0.00963046 0.00873556 0.00822653 0.00857957 0.00987677 0.01206066 0.01456474 0.02099326 0.03005722 0.04750372 0.05820149 0.05043473 0.02875182 0.01797194 0.01026264 0.00781603 0.00555825 0.00596054 0.00614116 0.00726595 0.00914607 0.01861233 0.0203775  0.54199062,face8
0.02888469 0.02844781 0.00762865 0.00517538 0.00477211 0.00464608 0.00504096 0.00652804 0.00835119 0.01109851 0.01609746 0.02515438 0.02989288 0.03059861 0.01492964 0.01125814 0.00616677 0.00483932 0.00320101 0.00352867 0.00304978 0.0042008  0.00650284 0.02389414 0.0258097  0.68030246,face8
0.02907042 0.02921332 0.00846186 0.00563444 0.00475661 0.0053078 0.00487909 0.00580796 0.00736968 0.01067685 0.01527014 0.02338495 0.02685543 0.0294583  0.01389215 0.00979902 0.0054405  0.00433811 0.00282743 0.00366442 0.0027968  0.00413396 0.00737989 0.02427298 0.02584491 0.68946299,face8
0.02997887 0.0303055  0.00941114 0.00577734 0.00489951 0.00539967 0.00518531 0.00647143 0.00788004 0.01138115 0.0160561  0.02577346 0.03552144 0.03310231 0.01436169 0.01020731 0.00602231 0.00495055 0.00368484 0.00426666 0.00338883 0.00479744 0.00688993 0.02653901 0.0245792  0.66316896,face9
0.03255556 0.03211111 0.00974444 0.00607778 0.00531111 0.0054 0.00505556 0.00623333 0.00771111 0.01018889 0.01307778 0.02293333 0.03032222 0.02908889 0.01396667 0.00957778 0.00567778 0.00496667 0.0033     0.00353333 0.00355556 0.00473333 0.00887778 0.0263 0.02556667 0.67413333,face9
0.02954116 0.0282951  0.0096905  0.00640282 0.00605776 0.00543473 0.00538681 0.00638365 0.00808021 0.01167461 0.01640963 0.02744203 0.03268506 0.02929195 0.01393668 0.00950838 0.00582772 0.00434203 0.0033356  0.00383403 0.00323975 0.00370942 0.00676705 0.02583174 0.02524705 0.67164451,face9
0.02750296 0.03011598 0.00808521 0.00553846 0.00509349 0.00490414 0.00487574 0.00575621 0.00752663 0.01084024 0.01576331 0.02572308 0.03364734 0.02614911 0.01382249 0.00879527 0.00476213 0.00428876 0.00270769 0.00297278 0.00267929 0.00423195 0.00608757 0.02724734 0.03475503 0.67612781,face9
0.03054311 0.02950807 0.00834619 0.00554217 0.00432835 0.00430953 0.00458241 0.00509052 0.00599383 0.00820505 0.01197825 0.02158531 0.03043961 0.02925402 0.0133238  0.01155482 0.005768   0.00482705 0.00346268 0.00346268 0.0034815  0.00432835 0.00846852 0.02789906 0.0268546  0.68686251,face9
0.02106261 0.01895263 0.01052201 0.01047554 0.00914634 0.01010373 0.01161883 0.01497435 0.01931514 0.0261749  0.03767289 0.06446126 0.08646267 0.06390355 0.03093397 0.02077446 0.01216724 0.00916493 0.00692482 0.00755689 0.00736169 0.00861652 0.01029893 0.01778145 0.01936162 0.44421104,face9
0.0307619  0.03079232 0.00933101 0.00599416 0.00482778 0.00504077 0.0060043  0.00651142 0.00871232 0.01067995 0.01490933 0.02563999 0.03257739 0.02801331 0.01400665 0.00999026 0.00563917 0.00544647 0.00366141 0.00357012 0.00378311 0.0046655  0.00773865 0.02560956 0.02516329 0.67092986,face9
0.03071581 0.03066445 0.00799227 0.00611234 0.00557816 0.00483851 0.00517751 0.00577334 0.00650271 0.00945102 0.01338552 0.02417201 0.03131164 0.03039735 0.01250205 0.01053994 0.0048796  0.00459196 0.00288667 0.00318458 0.00323595 0.00397559 0.0072629  0.02567184 0.02663749 0.68255876,face9
0.03156502 0.03251621 0.01016325 0.00689612 0.00495239 0.00492137 0.00559341 0.00665833 0.00720629 0.01020461 0.01362682 0.02552703 0.03448062 0.03000383 0.01413344 0.0098841  0.00620341 0.00575883 0.00387713 0.00438374 0.00489035 0.00471459 0.00756816 0.025465 0.02472059 0.66408536,face9
0.02879883 0.02988281 0.00875977 0.00619141 0.00537109 0.0049707 0.00491211 0.0065332  0.00845703 0.01182617 0.01737305 0.02882812 0.03695312 0.03178711 0.01624023 0.01175781 0.00617187 0.00442383 0.00331055 0.0037793  0.0034082  0.0040918  0.00633789 0.02476562 0.02429687 0.66077148,face9
0.02382646 0.02575734 0.01129886 0.00935875 0.00772351 0.00758493 0.00814848 0.00975601 0.01223196 0.01645402 0.02301346 0.03885773 0.05047995 0.04252548 0.01971527 0.0141536  0.00716919 0.00639314 0.00454541 0.00521983 0.00480409 0.00558938 0.00785285 0.02425144 0.02373407 0.58955479,face9
0.02197232 0.01787197 0.01201557 0.01018166 0.01015571 0.01073529 0.01257785 0.015      0.01820069 0.02445502 0.03598616 0.0641263 0.08815744 0.06391003 0.02991349 0.01852076 0.01074394 0.00883218 0.00702422 0.00718858 0.00741349 0.00929931 0.01116782 0.01769896 0.02019896 0.44665225,face9
0.0288045  0.02967298 0.00909833 0.00617239 0.00557273 0.00571748 0.00596561 0.00675138 0.00816782 0.01069054 0.01584971 0.02843229 0.03827504 0.03117213 0.01440225 0.01002885 0.00617239 0.0052729 0.00367035 0.00382544 0.00399086 0.00524188 0.0081885  0.02571313 0.02324211 0.6599084 ,face9
0.02803941 0.02909399 0.00901562 0.0063585  0.00498341 0.00532459 0.00607934 0.00770257 0.00936715 0.01205529 0.01736955 0.0290423 0.03870928 0.03398435 0.01749362 0.01169343 0.00659629 0.00513849 0.00393917 0.00391849 0.00395984 0.00491103 0.00744409 0.02298363 0.02274584 0.65205074,face9
0.02657938 0.02573589 0.00818564 0.00692042 0.00561685 0.0048117 0.00508008 0.00611527 0.00807062 0.01186631 0.01720519 0.0304134 0.04166627 0.03401739 0.01633295 0.0100739  0.00585647 0.00577021 0.00424618 0.00450498 0.00469668 0.00638365 0.00889494 0.02808423 0.04628627 0.62658513,face9
0.02589816 0.02579136 0.01140587 0.00893887 0.00775343 0.00780683 0.00863984 0.01001751 0.01352044 0.01785638 0.02820496 0.04560212 0.0583643  0.04311376 0.02086804 0.01432141 0.00755051 0.00648255 0.00431458 0.00506216 0.00454953 0.00647187 0.0091845  0.02380495 0.02352728 0.56094878,face9
